{
  "b1_s128_prefill": {
    "g_launch": 5736.5108,
    "r_attn": 0.0,
    "r_ffn": 0.957096,
    "f_switch": 0.0,
    "num_kernels": 268,
    "num_attn_kernels": 0,
    "num_ffn_kernels": 113,
    "t_ffn": 11244.8486,
    "t_ffn_std": 9659.1758
  },
  "b4_s32_prefill": {
    "g_launch": 677.3972,
    "r_attn": 0.003947,
    "r_ffn": 0.577478,
    "f_switch": 247.508,
    "num_kernels": 335,
    "num_attn_kernels": 28,
    "num_ffn_kernels": 113,
    "t_attn": 13.3862,
    "t_attn_std": 0.2491,
    "t_ffn": 485.255,
    "t_ffn_std": 465.2115
  },
  "b4_s32_decode": {
    "t_ffn": 443.9435,
    "t_ffn_std": 217.8107,
    "g_launch": 1652.0807,
    "r_attn": 0.02013,
    "r_ffn": 0.589336,
    "f_switch": 105.0192,
    "num_kernels": 318,
    "num_attn_kernels": 84,
    "num_ffn_kernels": 29,
    "t_attn": 5.235,
    "t_attn_std": 3.2591
  },
  "b4_s64_prefill": {
    "g_launch": 452.1261,
    "r_attn": 0.019003,
    "r_ffn": 0.947181,
    "f_switch": 408.0967,
    "num_kernels": 608,
    "num_attn_kernels": 112,
    "num_ffn_kernels": 226,
    "t_attn": 8.5442,
    "t_attn_std": 6.201,
    "t_ffn": 211.0495,
    "t_ffn_std": 201.116
  },
  "b4_s64_decode": {
    "t_ffn": 207.2979,
    "t_ffn_std": 201.6543,
    "g_launch": 129.0923,
    "r_attn": 0.019048,
    "r_ffn": 0.942033,
    "f_switch": 1365.5436,
    "num_kernels": 954,
    "num_attn_kernels": 168,
    "num_ffn_kernels": 339,
    "t_attn": 8.458,
    "t_attn_std": 6.0711
  },
  "b4_s128_prefill": {
    "t_attn": 4.6562,
    "t_attn_std": 2.9641,
    "t_ffn": 442.236,
    "t_ffn_std": 212.9953,
    "g_launch": 112.3856,
    "r_attn": 0.018167,
    "r_ffn": 0.595715,
    "f_switch": 1566.5697,
    "num_kernels": 20352,
    "num_attn_kernels": 5376,
    "num_ffn_kernels": 1856
  },
  "b4_s128_decode": {
    "g_launch": 121.1066,
    "r_attn": 0.018174,
    "r_ffn": 0.595805,
    "f_switch": 1453.8727,
    "num_kernels": 30528,
    "num_attn_kernels": 8064,
    "num_ffn_kernels": 2784,
    "t_attn": 4.6565,
    "t_attn_std": 2.9614,
    "t_ffn": 442.1792,
    "t_ffn_std": 212.896
  },
  "b1_s32": {
    "t_attn": 4.7744,
    "t_attn_std": 3.1431,
    "t_ffn": 415.3874,
    "t_ffn_std": 224.0225,
    "g_launch": 147.4554,
    "r_attn": 0.018356,
    "r_ffn": 0.607958,
    "f_switch": 1194.4334,
    "num_kernels": 30360,
    "num_attn_kernels": 7936,
    "num_ffn_kernels": 3021
  },
  "b1_s64": {
    "t_attn": 4.9121,
    "t_attn_std": 3.5614,
    "t_ffn": 415.3725,
    "t_ffn_std": 224.0458,
    "g_launch": 145.3728,
    "r_attn": 0.018873,
    "r_ffn": 0.607367,
    "f_switch": 1211.2529,
    "num_kernels": 30367,
    "num_attn_kernels": 7938,
    "num_ffn_kernels": 3021
  },
  "b1_s128": {
    "t_attn": 5.205,
    "t_attn_std": 4.8864,
    "t_ffn": 415.3843,
    "t_ffn_std": 224.0485,
    "g_launch": 142.7493,
    "r_attn": 0.019968,
    "r_ffn": 0.606596,
    "f_switch": 1233.6869,
    "num_kernels": 30340,
    "num_attn_kernels": 7931,
    "num_ffn_kernels": 3019
  }
}